AggregatorID,Hour,ScheduledPower,Cost
0,13,1.90368,0.337542
0,14,1.5864,0.288788
1,15,2.40312,0.449239
1,16,2.0026,0.390407
2,15,4.62616,0.864814
5,16,1.8984,0.370093
5,17,1.582,0.30849
8,17,1.91312,0.373058
1000,16,7.39848,1.44233
1000,17,6.1654,1.20225
1001,16,8.44219,1.6458
1001,17,6.92187,1.34976
1001,18,1.35947,0.273688
