AggregatorID,FlexOfferID,Hour,ScheduledPower,Cost
0,1,13,1.90368,0.337542
0,1,14,1.5864,0.288788
1,2,15,2.40312,0.449239
1,2,16,2.0026,0.390407
2,3,15,4.62616,0.864814
5,6,16,1.8984,0.370093
5,6,17,1.582,0.30849
8,9,17,1.91312,0.373058
1000,4,16,4.96992,0.968886
1000,5,16,2.42856,0.473448
1000,5,17,2.0238,0.394641
1001,7,16,1.65806,0.323239
1001,7,17,1.35947,0.265096
1001,7,18,1.35947,0.273688
1001,8,16,6.78413,1.32257
