AggregatorID,FlexOfferID,Hour,ScheduledPower,Cost
0,1,13,1.5864,0.281285
0,1,14,1.5864,0.288788
1,2,15,2.0026,0.374366
1,2,16,2.0026,0.390407
2,3,15,4.2056,0.786195
5,6,16,1.582,0.308411
5,6,17,1.582,0.30849
8,9,17,1.7392,0.339144
1000,4,16,4.1416,0.807405
1000,5,16,2.0238,0.39454
1000,5,17,2.0238,0.394641
1001,7,16,1.35947,0.265028
1001,7,17,1.35947,0.265096
1001,7,18,1.35947,0.273688
1001,8,16,5.5624,1.08439
