scenario_id,aggregator_type,alignment,est_threshold,lst_threshold,max_group_size,baseline_cost,aggregated_cost,savings,scenario_time,NrOfFlexOffers
1,1,0,4,4,50,218.517,206.501,12.016,0.200655,200
2,1,0,4,4,50,545.869,515.439,30.4305,0.00826498,500
3,1,0,4,4,50,1097.36,1036.34,61.0246,0.0128408,1000
4,1,0,4,4,50,3291.46,3109,182.464,0.0306845,3000
5,1,0,4,4,50,10971.4,10333.8,637.62,0.101349,10000
6,1,0,4,4,50,109745,103217,6528.03,0.954192,100000
