scenario_id,aggregator_type,alignment,est_threshold,lst_threshold,max_group_size,baseline_cost,aggregated_cost,savings,scenario_time,NrOfFlexOffers
1,0,0,2,2,5,218.517,174.879,43.6384,0.19636,200
2,0,1,2,2,5,218.517,171.378,47.139,0.00384374,200
3,0,2,2,2,5,218.517,167.424,51.0934,0.00374765,200
4,1,0,2,2,5,218.517,208.266,10.2512,0.00487371,200
5,1,1,2,2,5,218.517,204.358,14.1589,0.00619114,200
6,1,2,2,2,5,218.517,199.377,19.1405,0.00369182,200
